StartRelativeMSec,Number,Generation,Type,Reason,IsCompacting,SuspensionDurationInMilliSeconds,PauseDurationInMilliSeconds,FinalPauseDurationInMilliSeconds,Gen0Size,Gen1Size,Gen2Size,LOHSize,ObjGen0Before,ObjGen1Before,ObjGen2Before,ObjLOHBefore,ObjGen0After,ObjGen1After,ObjGen2After,ObjLOHAfter
5710.10917911991,1,0,NonConcurrentGC,AllocSmall,False,0.00656409418661497,0.513458034105497,0,96,82680,96,1062440,28138648,96,96,1062440,96,82656,0,0
5866.18072920522,2,0,NonConcurrentGC,AllocSmall,False,0.320546599416957,0.681207107747468,0,96,108136,96,1576024,28631288,82656,96,1576024,96,108112,0,0
6036.95949698617,3,0,NonConcurrentGC,AllocSmall,False,0.0667349575578555,0.367589274415877,0,96,131904,96,1918536,27849184,108112,96,1918536,96,131880,0,0
6193.51241397846,4,0,NonConcurrentGC,AllocSmall,False,0.00875212558094063,0.301218988757682,0,96,156984,96,2345752,27889240,131880,96,2345752,96,156960,0,0
6351.54881625678,5,0,NonConcurrentGC,AllocSmall,False,2.39990576878154,3.53841143815316,0,96,179824,96,3201896,27646264,156960,96,3201896,96,179800,0,0
6490.76741919144,6,0,NonConcurrentGC,AllocSmall,False,0.0102108131786736,0.282256049998068,0,96,203648,96,3715192,26212208,179800,96,3715192,96,203624,0,0
6661.47835799913,7,0,NonConcurrentGC,AllocSmall,False,0.00656409418570547,1.09438036956544,0,96,225712,96,4656784,29382104,203624,96,4656784,96,225688,0,0
6819.28975771564,8,0,NonConcurrentGC,AllocSmall,False,0.00656409418661497,0.567794147089444,0,96,251128,96,5085768,26468616,225688,96,5085768,96,251104,0,0
6975.07504036006,9,0,NonConcurrentGC,AllocSmall,False,0.0346438304268304,0.351179038951159,0,96,275088,96,5599072,27161536,251104,96,5599072,96,275064,0,0
7130.86542841108,10,0,NonConcurrentGC,AllocSmall,False,0.0164102354647184,0.347896991857851,0,96,299104,96,6369016,28505056,275064,96,6369016,96,299080,0,0
7287.13390132197,11,0,NonConcurrentGC,AllocSmall,False,0.0145868759691439,0.310700458137035,0,96,322160,96,6969048,26508848,299080,96,6969048,96,322136,0,0
7442.60483678927,12,0,NonConcurrentGC,AllocSmall,False,0.0138575321707322,0.316170536626487,0,96,347192,96,7310760,27988616,322136,96,7310760,96,347168,0,0
7584.85495722216,13,0,NonConcurrentGC,AllocSmall,False,0.11997705484373,0.399680401547812,0,96,369392,96,7738512,26184456,347168,96,7738512,96,369368,0,0
7772.22921379291,14,0,NonConcurrentGC,AllocSmall,False,0.00984614127901295,0.306689067246225,0,96,395224,96,8762840,29394064,369368,96,8762840,96,395200,0,0
7928.2198067166,15,0,NonConcurrentGC,AllocSmall,False,0.599155930422057,0.910950404257164,0,96,418432,96,9532088,28500296,395200,96,9532088,96,418408,0,0
8100.78437278804,16,0,NonConcurrentGC,AllocSmall,False,0.0138575321698227,1.02618672441076,0,96,443928,96,10215880,28708792,418408,96,10215880,96,443904,0,0
8178.23922549523,17,2,NonConcurrentGC,AllocLarge,False,0.0503247220931371,0.682301123445541,0,96,19904,62544,35432,15544016,443904,96,10643552,96,19904,62496,35304
8352.41892340833,18,0,NonConcurrentGC,AllocSmall,False,2.75983693331364,2.99577965211029,0,96,44800,62544,978048,26368776,19904,62496,977920,96,44800,0,0
8507.33336955741,19,0,NonConcurrentGC,AllocSmall,False,0.00692876608627557,0.282620721896819,0,96,66456,62544,1234720,29412008,44800,62496,1234592,96,66456,0,0
8645.85800186785,20,0,NonConcurrentGC,AllocSmall,False,0.0601708633730595,0.412808589921042,0,96,88816,62544,1918336,24695840,66456,62496,1918208,96,88816,0,0
8818.57354210557,21,0,NonConcurrentGC,AllocSmall,False,0.158996948061031,0.49303640774815,0,96,115560,62544,2517784,28083368,88816,62496,2517656,96,115560,0,0
8961.65474979679,22,0,NonConcurrentGC,AllocSmall,False,2.47502818002067,3.53512939106076,0,96,139432,62544,3373536,25172936,115560,62496,3373408,96,139432,0,0
9133.94508260001,23,0,NonConcurrentGC,AllocSmall,False,0.00656409418661497,0.314711849028754,0,96,165736,62544,3972456,28427120,139432,62496,3972328,96,165736,0,0
9273.44740027226,24,0,NonConcurrentGC,AllocSmall,False,0.0711110203483258,0.36430722732257,0,96,187432,62544,5000440,27155152,165736,62496,5000312,96,187432,0,0
9396.41330600239,25,0,NonConcurrentGC,AllocSmall,False,0.500329845732267,0.862084369760851,0,96,210176,62544,5428216,20509472,187432,62496,5428088,96,210176,0,0
9551.72779722492,26,0,NonConcurrentGC,AllocSmall,False,0.199840200773906,1.20961668972086,0,96,236656,62544,6284704,25697280,210176,62496,6284576,96,236656,0,0
9677.77809787867,27,0,NonConcurrentGC,AllocSmall,False,0.382540822285591,0.711110203483258,0,96,258640,62544,6796760,24049504,236656,62496,6796632,96,258640,0,0
9856.28134582894,28,0,NonConcurrentGC,AllocSmall,False,0.00948146938026184,6.33179818619465,0,96,281872,62544,7654208,28908848,258640,62496,7654080,96,281872,0,0
9989.57257171364,29,0,NonConcurrentGC,AllocSmall,False,0.0692876608518418,0.354461086044466,0,96,306320,62544,8338288,25076112,281872,62496,8338160,96,306320,0,0
10165.1015556539,30,0,NonConcurrentGC,AllocSmall,False,3.293351921875,3.62775605346178,0,96,331184,62544,9021960,26723064,306320,62496,9021832,96,331184,0,0
10303.5784159455,31,0,NonConcurrentGC,AllocSmall,False,0.00875212558094063,0.303407020152008,0,96,356368,62544,9792872,26838808,331184,62496,9792744,96,356368,0,0
10428.3319433256,32,2,BackgroundGC,AllocLarge,False,0.0908033029045328,2.19240745812385,0.33440413158678,23197392,356368,62544,3290296,0,0,0,0,0,0,0,0
10475.3487266204,33,1,NonConcurrentGC,AllocSmall,False,0.00984614127810346,0.549925224026083,0,96,21904,62544,3460608,5418896,96,61632,377232,96,21904,61632,377232
10632.837756378,34,0,NonConcurrentGC,AllocSmall,False,0.12872918042558,0.623588947670214,0,96,46360,62544,3716160,29981984,21904,61632,975752,96,46360,0,0
10772.6511391803,35,0,NonConcurrentGC,AllocSmall,False,0.00984614127810346,0.348626335655354,0,96,68200,62544,3887672,24684408,46360,61632,1232312,96,68200,0,0
10914.1850440031,36,0,NonConcurrentGC,AllocSmall,False,0.00692876608627557,0.285538097090466,0,96,89816,62544,4314416,24039616,68200,61632,1914936,96,89816,0,0
11067.7006087468,37,0,NonConcurrentGC,AllocSmall,False,0.228284608912873,0.559042021508503,0,96,113888,62544,4741344,27535664,89816,61632,2427424,96,113888,0,0
11224.373138122,38,0,NonConcurrentGC,AllocSmall,False,0.01677490736256,0.401139089142816,0,96,136128,62544,5255720,27099048,113888,61632,3113080,96,136128,0,0
11396.8202798419,39,0,NonConcurrentGC,AllocSmall,False,0.00911679748060124,0.258917048447984,0,96,161848,62544,6025976,28541800,136128,61632,4139352,96,161848,0,0
11521.8338182862,40,0,NonConcurrentGC,AllocSmall,False,0.0670996294556971,1.04733769456652,0,96,184248,62544,6453232,23797856,161848,61632,4994328,96,184248,0,0
11694.3130511332,41,0,NonConcurrentGC,AllocSmall,False,0.402233104841798,0.769822379257675,0,96,207152,62544,6880552,28912608,184248,61632,5592816,96,207152,0,0
11865.7522397236,42,0,NonConcurrentGC,AllocSmall,False,0.152432853876235,0.482825594570386,0,96,233408,62544,7734032,26892336,207152,61632,6702384,96,233408,0,0
12022.703013758,43,0,NonConcurrentGC,AllocSmall,False,0.0105754850774247,0.304865707748831,0,96,257728,62544,8331216,28450840,233408,61632,7471296,96,257728,0,0
12193.2214058029,44,0,NonConcurrentGC,AllocSmall,False,0.00838745368128002,0.335862819183603,0,96,281504,62544,8758056,28184056,257728,61632,8155136,96,281504,0,0
12366.0678632524,45,0,NonConcurrentGC,AllocSmall,False,0.194005450386612,0.58748642964747,0,96,306304,62544,9356064,30800344,281504,61632,8924640,96,306304,0,0
12522.4435497017,46,0,NonConcurrentGC,AllocSmall,False,0.00619942228695436,0.287726128486611,0,96,330840,62544,9698112,27210208,306304,61632,9352440,96,330840,0,0
12693.4768584683,47,0,NonConcurrentGC,AllocSmall,False,0.0142222040703928,0.310700458137944,0,96,353560,62544,10381744,29252216,330840,61632,10121424,96,353560,0,0
12866.4680906618,48,0,NonConcurrentGC,AllocSmall,False,0.40259777673964,0.733719861234931,0,96,378760,62544,10982504,29487808,353560,61632,10893808,96,378760,0,0
13022.2344103675,50,0,NonConcurrentGC,AllocSmall,False,0,2.16833911277536,0,96,400656,62544,11324408,28238024,378760,61632,11321352,96,400656,0,0
13022.0367581981,49,2,BackgroundGC,AllocSmall,False,0.121071070543621,0.246518203875894,0.132375899418548,384,400656,62544,35432,0,0,0,0,0,0,0,0
13177.2965486357,51,1,NonConcurrentGC,AllocSmall,False,0.0102108131777641,0.367224602516217,0,96,19504,62544,463248,26211528,19424,61632,463120,96,19504,61632,463120
13337.8488223468,52,0,NonConcurrentGC,AllocSmall,False,1.81460737052839,2.08665260734961,0,96,42424,62544,975992,27092584,19504,61632,975864,96,42424,0,0
13478.5669561311,53,0,NonConcurrentGC,AllocSmall,False,2.18073795734927,2.56036140443939,0,96,67616,62544,1661088,24529952,42424,61632,1660960,96,67616,0,0
13630.6172691837,54,0,NonConcurrentGC,AllocSmall,False,0.43323021627657,0.792067365111507,0,96,89720,62544,2602888,26980464,67616,61632,2602760,96,89720,0,0
13804.4060388208,55,0,NonConcurrentGC,AllocSmall,False,0.739189939722564,1.03785622518626,0,96,116080,62544,3288008,27706120,89720,61632,3287880,96,116080,0,0
13960.4575319516,56,0,NonConcurrentGC,AllocSmall,False,0.107942882170391,0.394574994959839,0,96,138944,62544,3971904,28332408,116080,61632,3971776,96,138944,0,0
14084.4051344345,57,0,NonConcurrentGC,AllocSmall,False,0.309971114338623,0.615930837786436,0,96,160680,62544,4142680,23763480,138944,61632,4142552,96,160680,0,0
14256.4135758596,58,0,NonConcurrentGC,AllocSmall,False,0.0116695007745875,0.330028068794491,0,96,187176,62544,4656568,27074368,160680,61632,4656440,96,187176,0,0
14399.6913417045,59,0,NonConcurrentGC,AllocSmall,False,2.6249083306011,2.88929545753672,0,96,211824,62544,5170440,24860040,187176,61632,5170312,96,211824,0,0
14537.289342719,60,0,NonConcurrentGC,AllocSmall,False,0.0182335949612025,0.359566492632439,0,96,233808,62544,6283848,25430224,211824,61632,6283720,96,233808,0,0
14709.370718524,61,0,NonConcurrentGC,AllocSmall,False,0.0794984740314248,0.421560715501982,0,96,259848,62544,6883000,28180296,233808,61632,6882872,96,259848,0,0
14852.3571115214,62,0,NonConcurrentGC,AllocSmall,False,0.00948146938026184,8.82578930497584,0,96,282392,62544,7396496,26380400,259848,61632,7396368,96,282392,0,0
15021.5367930243,63,0,NonConcurrentGC,AllocSmall,False,0.0120341726742481,0.39019893216755,0,96,308272,62544,7653432,27791696,282392,61632,7653304,96,308272,0,0
15146.4026393493,64,0,NonConcurrentGC,AllocSmall,False,0.0127635164735693,0.308512426743619,0,96,330256,62544,8676704,23610552,308272,61632,8676576,96,330256,0,0
15318.3159014088,65,0,NonConcurrentGC,AllocSmall,False,0.524398191082582,0.929913343017688,0,96,355928,62544,9701792,29011720,330256,61632,9701664,96,355928,0,0
15475.2550059423,66,0,NonConcurrentGC,AllocSmall,False,0.016774907364379,0.371965337206348,0,96,378712,62544,10302000,28563096,355928,61632,10301872,96,378712,0,0
15616.5522387026,67,0,NonConcurrentGC,AllocSmall,False,0.277150643409186,0.604990680809351,0,96,400728,62544,10815648,25558088,378712,61632,10815520,96,400728,0,0
15773.329064241,69,0,NonConcurrentGC,AllocSmall,False,0,1.11006126123175,0,96,426304,62544,11499144,25963824,400728,61632,11499016,96,426304,0,0
15773.3177594121,68,2,BackgroundGC,AllocSmall,False,0.180877262013382,0.307783082942478,0.135657946510037,1591800,426304,62544,35432,0,0,0,0,0,0,0,0
15912.4112798853,70,1,NonConcurrentGC,AllocSmall,False,0.0076581098837778,0.656409418599651,0,96,19704,62544,633432,24799584,10000,61632,633304,96,19704,61632,633304
16072.4552009689,71,0,NonConcurrentGC,AllocSmall,False,2.20845302168891,2.73321588467115,0,96,42144,62544,1231312,26828208,19704,61632,1231184,96,42144,0,0
16224.0449334127,72,0,NonConcurrentGC,AllocSmall,False,0.0116695007764065,0.362119195928244,0,96,66368,62544,1745096,27648512,42144,61632,1744968,96,66368,0,0
16397.171094209,73,0,NonConcurrentGC,AllocSmall,False,0.713662906779064,1.01524656743641,0,96,92040,62544,2856408,28799576,66368,61632,2856280,96,92040,0,0
16475.5806579483,74,0,NonConcurrentGC,AllocSmall,False,0.00510540659161052,0.262199095541291,0,96,112264,62544,2942160,15799424,92040,61632,2942032,96,112264,0,0
16646.5118585832,75,0,NonConcurrentGC,AllocSmall,False,0.140763353101647,0.861719697863009,0,96,136464,62544,3882768,27598192,112264,61632,3882640,96,136464,0,0
16788.1755866021,76,0,NonConcurrentGC,AllocSmall,False,0.475896828487748,0.750130096701469,0,96,162080,62544,4310160,26333376,136464,61632,4310032,96,162080,0,0
17115.5915105841,78,0,NonConcurrentGC,AllocSmall,False,0.00619942228513537,0.282256049998978,0,96,210256,62544,6189648,25979040,184840,61632,6189520,96,210256,0,0
17273.5053831042,79,0,NonConcurrentGC,AllocSmall,False,0.700899390303675,1.03895024088342,0,96,234304,62544,6446048,26237000,210256,61632,6445920,96,234304,0,0
17443.2255083617,80,0,NonConcurrentGC,AllocSmall,False,0.0696523327533214,0.406609167632269,0,96,261040,62544,6874136,30104032,234304,61632,6874008,96,261040,0,0
17600.5869029546,81,0,NonConcurrentGC,AllocSmall,False,0.0703816765490046,0.370506649611343,0,96,283728,62544,7644888,28064920,261040,61632,7644760,96,283728,0,0
17756.6657464779,82,0,NonConcurrentGC,AllocSmall,False,0.0076581098837778,0.301948332555185,0,96,308344,62544,8415208,28549728,283728,61632,8415080,96,308344,0,0
17802.3430898869,83,2,BackgroundGC,AllocLarge,False,0.0521480815878022,1.2774456629777,0.187441356199997,9058208,308344,62544,3285672,0,0,0,0,0,0,0,0
17912.1312118667,84,1,NonConcurrentGC,AllocSmall,False,0.0105754850774247,0.663702856581949,0,96,20528,62544,3542952,18763104,96,61632,377672,96,20528,61632,377672
18070.1154660634,85,0,NonConcurrentGC,AllocSmall,False,0.138575321707322,0.421925387399824,0,96,45144,62544,3714456,27332048,20528,61632,720416,96,45144,0,0
18242.3554741446,86,0,NonConcurrentGC,AllocSmall,False,2.60703940753956,3.23573376179775,0,96,71776,62544,4397416,28975880,45144,61632,1659992,96,71776,0,0
18383.0316706604,87,0,NonConcurrentGC,AllocSmall,False,0.161549651358655,0.446723076547642,0,96,95080,62544,4740280,24268016,71776,61632,2087968,96,95080,0,0
18537.5187213436,88,0,NonConcurrentGC,AllocSmall,False,0.253811641858192,0.586027742050646,0,96,118024,62544,5082664,28113560,95080,61632,2516176,96,118024,0,0
18693.6807100599,89,0,NonConcurrentGC,AllocSmall,False,0.192911434685811,0.447817092244804,0,96,142824,62544,5679808,27173112,118024,61632,3285040,96,142824,0,0
18858.3213204332,90,0,NonConcurrentGC,AllocSmall,False,0.0258917048449803,0.290278831784235,0,96,165648,62544,6107448,26920192,142824,61632,3969312,96,165648,0,0
18990.7993279826,91,0,NonConcurrentGC,AllocSmall,False,0.00802278178161941,0.326016677903681,0,96,188528,62544,6364216,24320840,165648,61632,4311200,96,188528,0,0
19146.9295902437,92,0,NonConcurrentGC,AllocSmall,False,0.649845324416674,3.4071295544345,0,96,213384,62544,7220408,26729320,188528,61632,5338440,96,213384,0,0
19302.2101669796,93,0,NonConcurrentGC,AllocSmall,False,0.00656409418661497,0.72861445464514,0,96,237424,62544,7476944,26236680,213384,61632,5765528,96,237424,0,0
19460.3253383882,94,0,NonConcurrentGC,AllocSmall,False,0.0102108131759451,0.326746021703002,0,96,261840,62544,8332232,29142368,237424,61632,6620816,96,261840,0,0
19616.6820618987,95,0,NonConcurrentGC,AllocSmall,False,0.4802728912764,0.784773927127389,0,96,286040,62544,8674592,25521872,261840,61632,7049088,96,286040,0,0
19755.3248479045,96,0,NonConcurrentGC,AllocSmall,False,0.00948146937662386,0.32528733410436,0,96,307800,62544,9018200,27678816,286040,61632,7477816,96,307800,0,0
19962.9905429636,97,0,NonConcurrentGC,AllocSmall,False,0.00875212558094063,168.211112938523,0,96,331576,62544,9444552,30587152,307800,61632,7904168,96,331576,0,0
20227.2445646565,98,0,NonConcurrentGC,AllocSmall,False,0.0076581098837778,0.33440413158678,0,96,353792,62544,9787584,24153160,331576,61632,8247200,96,353792,0,0
20364.9227934889,99,0,NonConcurrentGC,AllocSmall,False,0.0102108131759451,0.987166831193463,0,96,379424,62544,10129624,23514360,353792,61632,8674768,96,379424,0,0
20521.1296368488,100,0,NonConcurrentGC,AllocSmall,False,0.134199258915032,21.853328232788,0,96,403184,62544,10898584,24565112,379424,61632,9786040,96,403184,0,0
20645.944429108,101,0,NonConcurrentGC,AllocSmall,False,0.00948146938026184,0.276056627710204,0,96,425104,62544,10984168,24695504,403184,61632,10042256,96,425104,0,0
20804.2335490125,102,0,NonConcurrentGC,AllocSmall,False,0.129458524221263,0.560865381001349,0,96,448584,62544,11069776,26506416,425104,61632,10298472,96,448584,0,0
20944.2172335917,103,0,NonConcurrentGC,AllocSmall,False,0.00692876608809456,0.295384238372208,0,96,471568,62544,11411224,26118392,448584,61632,10811016,96,471568,0,0
21117.8017869652,104,0,NonConcurrentGC,AllocSmall,False,0.0258917048449803,4.18606873117096,0,96,497624,62544,11752792,29317536,471568,61632,11238216,96,497624,0,0
21225.4109943472,106,0,NonConcurrentGC,AllocSmall,False,0,1.06702997712273,0,96,520536,62544,12096344,21193088,497624,61632,11581768,96,520536,0,0
21225.3993248464,105,2,BackgroundGC,AllocSmall,False,0.0955440375983017,0.216979780037946,0.127270492830576,1086280,520536,62544,3280168,0,0,0,0,0,0,0,0
21367.1035314462,107,1,NonConcurrentGC,AllocSmall,False,0.00619942228877335,2.65007069164858,0,96,20424,62544,3622840,23489288,13984,61632,634344,96,20424,61632,634344
21506.8385097902,108,0,NonConcurrentGC,AllocSmall,False,0.159726291858533,1.28473910096,0,96,43424,62544,4136280,24096224,20424,61632,1404440,96,43424,0,0
21663.2601448987,109,0,NonConcurrentGC,AllocSmall,False,0.0791338021335832,3.82322019144704,0,96,69288,62544,4393272,25916440,43424,61632,1832560,96,69288,0,0
21787.2555194004,110,0,NonConcurrentGC,AllocSmall,False,0.00547007848581416,2.32733606083639,0,96,90968,62544,4649800,23722984,69288,61632,2345760,96,90968,0,0
21943.9415416359,111,0,NonConcurrentGC,AllocSmall,False,0.00802278178161941,1.18883039146385,0,96,113024,62544,4906024,27590680,90968,61632,2601984,96,113024,0,0
22069.8375860762,112,0,NonConcurrentGC,AllocSmall,False,0.00911679747878225,1.84232243486986,0,96,136040,62544,5162032,20348456,113024,61632,2943680,96,136040,0,0
22209.5539661533,113,0,NonConcurrentGC,AllocSmall,False,0.189994059495803,0.524762862980424,0,96,158560,62544,5591184,25651944,136040,61632,3629600,96,158560,0,0
22366.5444894247,114,0,NonConcurrentGC,AllocSmall,False,0.28736145658695,0.59550921142727,0,96,183840,62544,5934088,27518704,158560,61632,4229424,96,183840,0,0
22521.3251009868,115,0,NonConcurrentGC,AllocSmall,False,0.269857205425069,1.21071070541802,0,96,208064,62544,6361760,26288112,183840,61632,4913896,96,208064,0,0
22677.686565232,116,0,NonConcurrentGC,AllocSmall,False,0.00692876608445658,1.00758845754899,0,96,232568,62544,6962608,27740632,208064,61632,5514744,96,232568,0,0
22833.9240410314,117,0,NonConcurrentGC,AllocSmall,False,0.164467026548664,0.516740081198805,0,96,256832,62544,7646160,26436080,232568,61632,6284072,96,256832,0,0
22990.6104279388,118,0,NonConcurrentGC,AllocSmall,False,0.533879660462844,0.917514498443779,0,96,282752,62544,8674312,26866624,256832,61632,7483368,96,282752,0,0
23148.0232412695,119,0,NonConcurrentGC,AllocSmall,False,0.12471778953477,0.485378297864372,0,96,306056,62544,9529768,27987000,282752,61632,8594792,96,306056,0,0
23317.5584778741,120,0,NonConcurrentGC,AllocSmall,False,0.00729343798593618,0.249435579069541,0,96,332600,62544,10214552,28467440,306056,61632,9364680,96,332600,0,0
23428.6028945467,121,0,NonConcurrentGC,AllocSmall,False,0.120706398643961,0.50215320523057,0,96,354904,62544,10643016,21012056,332600,61632,9793144,96,354904,0,0
23599.3433717783,122,0,NonConcurrentGC,AllocSmall,False,0.316170536625577,0.645104589722905,0,96,378688,62544,11412808,29415096,354904,61632,10734064,96,378688,0,0
23755.5534971853,123,0,NonConcurrentGC,AllocSmall,False,0.384728853678098,0.703452093599481,0,96,403064,62544,12182528,28955688,378688,61632,11674424,96,403064,0,0
23912.4236787299,124,2,NonConcurrentGC,AllocSmall,False,0.00547007848945213,0.977320689915359,0,96,20104,62544,35432,26590368,403064,61632,12273760,96,20104,62496,35304
24037.1400095763,125,0,NonConcurrentGC,AllocSmall,False,0.00619942228877335,0.242142141083605,0,96,42184,62544,378392,21383296,20104,62496,378264,96,42184,0,0
24210.2220450727,126,0,NonConcurrentGC,AllocSmall,False,0.477720187980594,0.812124319567374,0,96,68040,62544,719320,29048744,42184,62496,719192,96,68040,0,0
24368.135552921,127,0,NonConcurrentGC,AllocSmall,False,0.0251623610456591,4.09927681915724,0,96,90760,62544,1232712,28072880,68040,62496,1232584,96,90760,0,0
24520.6705149277,128,0,NonConcurrentGC,AllocSmall,False,0.204216263562557,0.495224439142476,0,96,116280,62544,1831080,26659200,90760,62496,1830952,96,116280,0,0
24683.9096911922,129,0,NonConcurrentGC,AllocSmall,False,4.06062159784051,4.49749853311005,0,96,139816,62544,2686120,27649152,116280,62496,2685992,96,139816,0,0
24817.7194805176,130,0,NonConcurrentGC,AllocSmall,False,0.086791912013723,6.19577556778313,0,96,166296,62544,3456688,23572376,139816,62496,3456560,96,166296,0,0
24961.9825898342,131,0,NonConcurrentGC,AllocSmall,False,0.00911679748242022,2.07425376277752,0,96,188176,62544,4227016,27133888,166296,62496,4226888,96,188176,0,0
25103.0096007171,132,0,NonConcurrentGC,AllocSmall,False,0.387646228875383,1.82080679281717,0,96,211032,62544,4483320,24109264,188176,62496,4483192,96,211032,0,0
25298.4857728729,133,0,NonConcurrentGC,AllocSmall,False,0.00547007848581416,0.504341236621258,0,96,234296,62544,4826136,26433360,211032,62496,4826008,96,234296,0,0
25431.9578760196,134,0,NonConcurrentGC,AllocSmall,False,0.00656409418297699,5.39021534240237,0,96,259968,62544,4997416,24539592,234296,62496,4997288,96,259968,0,0
25553.5179715782,135,0,NonConcurrentGC,AllocSmall,False,0.0116695007745875,0.316899880421261,0,96,282104,62544,5680840,23359992,259968,62496,5680712,96,282104,0,0
25728.78803847,136,0,NonConcurrentGC,AllocSmall,False,3.24229785598436,3.57378461237749,0,96,305288,62544,6023800,29642352,282104,62496,6023672,96,305288,0,0
25858.7038612555,137,0,NonConcurrentGC,AllocSmall,False,0.00729343798593618,8.64090065206983,0,96,327376,62544,6365152,22047424,305288,62496,6365024,96,327376,0,0
26007.7715228443,138,0,NonConcurrentGC,AllocSmall,False,1.99475528874609,2.402823143977,0,96,352632,62544,6878224,27342424,327376,62496,6878096,96,352632,0,0
26178.0962741107,139,0,NonConcurrentGC,AllocSmall,False,0.0196922825598449,0.297207597865054,0,96,374496,62544,7648240,29725568,352632,62496,7648112,96,374496,0,0
26334.4978522648,140,0,NonConcurrentGC,AllocSmall,False,0.0102108131759451,0.258187704646843,0,96,398472,62544,7905256,27555104,374496,62496,7905128,96,398472,0,0
26490.190143575,141,0,NonConcurrentGC,AllocSmall,False,0.0072934379822982,0.374518040498515,0,96,422336,62544,8504320,24958416,398472,62496,8504192,96,422336,0,0
26629.6618288077,142,0,NonConcurrentGC,AllocSmall,False,0.00510540658797254,0.326016677903681,0,96,447872,62544,8760840,26171824,422336,62496,8760712,96,447872,0,0
26771.6034368138,143,0,NonConcurrentGC,AllocSmall,False,0.00510540658797254,1.06775932092205,0,96,469672,62544,9531800,25076600,447872,62496,9531672,96,469672,0,0
26927.6724341959,144,0,NonConcurrentGC,AllocSmall,False,0.00729343798593618,0.320181927516387,0,96,492512,62544,10215304,24968112,469672,62496,10215176,96,492512,0,0
27083.3804063977,145,0,NonConcurrentGC,AllocSmall,False,0.00729343798593618,0.385458197477419,0,96,517184,62544,11158592,27907584,492512,62496,11158464,96,517184,0,0
27227.0983312249,146,2,NonConcurrentGC,AllocLarge,False,3.0862182831188,4.05624553504822,0,96,20304,62544,35432,24546464,517184,62496,11757160,96,20304,62496,35304
27397.1207694869,147,0,NonConcurrentGC,AllocSmall,False,0.00656409418661497,0.328934053097328,0,96,45504,62544,1233240,28463032,20304,62496,1233112,96,45504,0,0
27539.1918360173,148,0,NonConcurrentGC,AllocSmall,False,0.7464833777085,1.09146299437271,0,96,68568,62544,1832496,24845224,45504,62496,1832368,96,68568,0,0
27708.3190047666,149,0,NonConcurrentGC,AllocSmall,False,0.00802278178525739,0.348626335657173,0,96,93984,62544,2517704,28616552,68568,62496,2517576,96,93984,0,0
27865.2099726095,150,0,NonConcurrentGC,AllocSmall,False,0.149880150580429,0.491213048251666,0,96,115920,62544,3288240,29639520,93984,62496,3288112,96,115920,0,0
28023.5377477353,151,0,NonConcurrentGC,AllocSmall,False,2.97280532245713,3.34185328446983,0,96,138744,62544,3801144,26477992,115920,62496,3801016,96,138744,0,0
28147.503948485,152,0,NonConcurrentGC,AllocSmall,False,0.141857368795172,0.616660181585758,0,96,161232,62544,4056904,22031080,138744,62496,4056776,96,161232,0,0
28317.8421926117,153,0,NonConcurrentGC,AllocSmall,False,0.128364508524101,0.385458197477419,0,96,187352,62544,4569640,28710104,161232,62496,4569512,96,187352,0,0
28476.211540334,154,0,NonConcurrentGC,AllocSmall,False,0.0105754850774247,0.416455308910372,0,96,212568,62544,5252848,28234656,187352,62496,5252720,96,212568,0,0
28630.8357076513,155,0,NonConcurrentGC,AllocSmall,False,0.00692876608809456,1.01561123933425,0,96,234752,62544,5852264,27795808,212568,62496,5852136,96,234752,0,0
28788.3028570949,156,0,NonConcurrentGC,AllocSmall,False,0.0718403641476471,0.415725965114689,0,96,260448,62544,6194160,25363584,234752,62496,6194032,96,260448,0,0
28927.3165144222,157,0,NonConcurrentGC,AllocSmall,False,0.00911679747878225,0.369777305808384,0,96,283088,62544,6879048,25410128,260448,62496,6878920,96,283088,0,0
29052.1962182795,158,0,NonConcurrentGC,AllocSmall,False,0.00583475038729375,0.699440702708671,0,96,305264,62544,7478896,21891632,283088,62496,7478768,96,305264,0,0
29194.136367598,159,0,NonConcurrentGC,AllocSmall,False,0.350814367051498,0.707098812588811,0,96,328304,62544,7906080,23312632,305264,62496,7905952,96,328304,0,0
29353.1705121926,160,0,NonConcurrentGC,AllocSmall,False,3.00781382478453,3.41114094532531,0,96,352632,62544,8677072,25414296,328304,62496,8676944,96,352632,0,0
29491.3753272474,161,0,NonConcurrentGC,AllocSmall,False,0.365401243019733,1.44191268952272,0,96,377000,62544,9961712,25684976,352632,62496,9961584,96,377000,0,0
29647.5333045729,162,0,NonConcurrentGC,AllocSmall,False,0.0076581098837778,0.602802649413206,0,96,401096,62544,10645096,25859056,377000,62496,10644968,96,401096,0,0
29787.213582132,164,0,NonConcurrentGC,AllocSmall,False,0,2.44731311567739,0,96,424480,62544,11073264,25937096,401096,62496,11073136,96,424480,0,0
29787.1997245998,163,2,BackgroundGC,AllocSmall,False,0.102837475584238,0.282985393798299,0.189264715696481,1536504,424480,62544,35432,0,0,0,0,0,0,0,0
29945.5701663378,165,1,NonConcurrentGC,AllocSmall,False,3.09825245579486,3.55700970501493,0,96,24728,62544,891184,24178352,10528,61632,891056,96,24728,61632,891056
30083.5944688025,166,0,NonConcurrentGC,AllocSmall,False,0.0116695007745875,0.593321180032945,0,96,46928,62544,1574992,26762232,24728,61632,1574864,96,46928,0,0
30255.3097140206,167,0,NonConcurrentGC,AllocSmall,False,0.0612648790702224,0.324557990308676,0,96,73328,62544,2174376,28089824,46928,61632,2174248,96,73328,0,0
30381.0967215632,168,0,NonConcurrentGC,AllocSmall,False,0.00619942228513537,0.54883120832892,0,96,94968,62544,2943912,24539328,73328,61632,2943784,96,94968,0,0
30553.5135955154,169,0,NonConcurrentGC,AllocSmall,False,0.00911679747878225,0.255635001354676,0,96,116824,62544,3713232,28752352,94968,61632,3713104,96,116824,0,0
30709.5694647091,170,0,NonConcurrentGC,AllocSmall,False,0.00656409418661497,0.25745836085116,0,96,141320,62544,4140448,26848240,116824,61632,4140320,96,141320,0,0
30867.1055371417,171,0,NonConcurrentGC,AllocSmall,False,2.42433878602969,2.7200876962961,0,96,165424,62544,4398384,26787760,141320,61632,4398256,96,165424,0,0
31021.5976932314,172,0,NonConcurrentGC,AllocSmall,False,0.0911679748060124,1.06301858623556,0,96,191152,62544,4997736,26892592,165424,61632,4997608,96,191152,0,0
31177.8289696086,173,0,NonConcurrentGC,AllocSmall,False,0.00619942228513537,0.285902768988308,0,96,215248,62544,5597792,25694520,191152,61632,5597664,96,215248,0,0
31334.5303080639,174,0,NonConcurrentGC,AllocSmall,False,0.388375572671066,0.714756922476226,0,96,240920,62544,6282776,28138912,215248,61632,6282648,96,240920,0,0
31489.8477166616,175,0,NonConcurrentGC,AllocSmall,False,0.322734630812192,0.683030467243952,0,96,264480,62544,6966640,28408560,240920,61632,6966512,96,264480,0,0
31646.8528268089,176,0,NonConcurrentGC,AllocSmall,False,0.00911679748242022,0.379258775192284,0,96,289136,62544,7821304,29225968,264480,61632,7821176,96,289136,0,0
31787.7780942319,177,0,NonConcurrentGC,AllocSmall,False,0.0536067691864446,0.412443918019562,0,96,311096,62544,8505984,25010592,289136,61632,8505856,96,311096,0,0
31945.8196019169,178,0,NonConcurrentGC,AllocSmall,False,2.75400218292634,3.23208704280842,0,96,335304,62544,9020600,25513112,311096,61632,9020472,96,335304,0,0
32226.1691472257,181,0,NonConcurrentGC,AllocSmall,False,0,1.34490996432942,0,96,382256,62544,9962144,27812672,357976,61632,9962016,96,382256,0,0
32226.1556543654,180,2,BackgroundGC,AllocSmall,False,0.0175042511618813,0.145139415886661,0.134199258911394,599520,382256,62544,35432,0,0,0,0,0,0,0,0
32366.6892641687,182,1,NonConcurrentGC,AllocSmall,False,0.0076581098837778,0.42921882538576,0,96,20104,62544,378328,23573640,16888,61632,378200,96,20104,61632,378200
32536.9505625246,183,0,NonConcurrentGC,AllocSmall,False,0.34315625716772,0.646198605420068,0,96,44536,62544,1147432,28905240,20104,61632,1147304,96,44536,0,0
32710.0486435846,184,0,NonConcurrentGC,AllocSmall,False,0.0787691302321036,0.679383748250984,0,96,67520,62544,1660712,30171336,44536,61632,1660584,96,67520,0,0
32858.2994401192,185,0,NonConcurrentGC,AllocSmall,False,0.0306324395351112,9.21307086195156,0,96,93152,62544,2257544,24331136,67520,61632,2257416,96,93152,0,0
32990.0499272297,186,0,NonConcurrentGC,AllocSmall,False,0.193276106590929,0.565970787596598,0,96,116080,62544,3113320,25598440,93152,61632,3113192,96,116080,0,0
33131.3934733212,187,0,NonConcurrentGC,AllocSmall,False,0.00911679747514427,0.320911271315708,0,96,138360,62544,3713200,25563936,116080,61632,3713072,96,138360,0,0
33303.7530937852,188,0,NonConcurrentGC,AllocSmall,False,0.506164596125018,0.889434762204473,0,96,163520,62544,4739672,29058408,138360,61632,4739544,96,163520,0,0
33459.3812028411,189,0,NonConcurrentGC,AllocSmall,False,0.0609002071723808,0.380352790889447,0,96,186328,62544,5595672,26571784,163520,61632,5595544,96,186328,0,0
33599.6070295614,190,0,NonConcurrentGC,AllocSmall,False,0.245059516273614,0.607908056001179,0,96,210288,62544,5851672,23769648,186328,61632,5851544,96,210288,0,0
33756.2850290151,191,0,NonConcurrentGC,AllocSmall,False,0.377800087590003,0.719497657162719,0,96,236064,62544,6449904,27231992,210288,61632,6449776,96,236064,0,0
33912.76355294,192,0,NonConcurrentGC,AllocSmall,False,0.0113048288767459,0.336956834886223,0,96,258704,62544,6963648,28207000,236064,61632,6963520,96,258704,0,0
34054.2263467424,193,0,NonConcurrentGC,AllocSmall,False,0.567794147093082,0.87557723003556,0,96,281568,62544,7731448,24685072,258704,61632,7731320,96,281568,0,0
34194.4084128348,194,0,NonConcurrentGC,AllocSmall,False,0.0284444081407855,0.347167648062168,0,96,306120,62544,8415520,24464072,281568,61632,8415392,96,306120,0,0
34365.2316705875,195,0,NonConcurrentGC,AllocSmall,False,0.36066050833324,0.77638647344429,0,96,330160,62544,8758096,27901584,306120,61632,8757968,96,330160,0,0
34508.8288890161,196,0,NonConcurrentGC,AllocSmall,False,3.13034358292498,3.45417222943797,0,96,354520,62544,9527536,27113416,330160,61632,9527408,96,354520,0,0
34661.8382891637,197,0,NonConcurrentGC,AllocSmall,False,0.00802278178161941,1.01232919223548,0,96,377648,62544,10126504,25461376,354520,61632,10126376,96,377648,0,0
34803.7226436816,198,0,NonConcurrentGC,AllocSmall,False,0.00984614128537942,0.306324395351112,0,96,400328,62544,10724064,26677816,377648,61632,10723936,96,400328,0,0
34833.8514713235,199,2,NonConcurrentGC,AllocLarge,False,0.0525127534856438,0.807748256775085,0,96,20544,62544,35432,6262512,400328,61632,10980896,96,20544,62496,35304
34974.2563519463,200,0,NonConcurrentGC,AllocSmall,False,0.00875212558457861,0.354461086040828,0,96,43008,62544,1062224,23753624,20544,62496,1062096,96,43008,0,0
35132.7963661175,201,0,NonConcurrentGC,AllocSmall,False,0.0069287660808186,0.336956834878947,0,96,66632,62544,2002272,26766304,43008,62496,2002144,96,66632,0,0
35272.1808947663,202,0,NonConcurrentGC,AllocSmall,False,0.00619942228513537,0.572170209881733,0,96,91008,62544,2686304,25933032,66632,62496,2686176,96,91008,0,0
35443.8563907474,203,0,NonConcurrentGC,AllocSmall,False,0.0309971114329528,0.377435415692162,0,96,114952,62544,3199840,28690040,91008,62496,3199712,96,114952,0,0
35599.7186191626,204,0,NonConcurrentGC,AllocSmall,False,0.0076581098837778,0.302313004460302,0,96,141208,62544,3886008,27317664,114952,62496,3885880,96,141208,0,0
35739.744970354,205,0,NonConcurrentGC,AllocSmall,False,0.0076581098837778,0.30595972345327,0,96,163168,62544,4744208,26056232,141208,62496,4744080,96,163168,0,0
35896.3394599428,206,0,NonConcurrentGC,AllocSmall,False,0.00729343798593618,0.630517713754671,0,96,185208,62544,5513048,27388840,163168,62496,5512920,96,185208,0,0
36053.3886953899,207,0,NonConcurrentGC,AllocSmall,False,0.00802278178161941,0.332216100192454,0,96,209320,62544,6112072,27390632,185208,62496,6111944,96,209320,0,0
36239.5070219398,208,0,NonConcurrentGC,AllocSmall,False,0.00838745367946103,0.361389852128923,0,96,234176,62544,6968776,30445840,209320,62496,6968648,96,234176,0,0
36395.7255348005,209,0,NonConcurrentGC,AllocSmall,False,0.00583475038729375,0.60900207170198,0,96,257416,62544,7908928,27077592,234176,62496,7908800,96,257416,0,0
36537.3487842386,210,0,NonConcurrentGC,AllocSmall,False,0.331122084491653,0.714392250571109,0,96,282488,62544,8252112,25082392,257416,62496,8251984,96,282488,0,0
36694.1573362322,211,0,NonConcurrentGC,AllocSmall,False,0.153891541471239,0.497777142438281,0,96,306416,62544,9193072,25692960,282488,62496,9192944,96,306416,0,0
36834.0615223374,212,0,NonConcurrentGC,AllocSmall,False,0.0791338021299453,0.37707074379432,0,96,330144,62544,9535872,25358224,306416,62496,9535744,96,330144,0,0
36989.8373235125,213,0,NonConcurrentGC,AllocSmall,False,0.110130913562898,0.491213048255304,0,96,355608,62544,9792224,28293176,330144,62496,9792096,96,355608,0,0
37067.5536459714,214,2,NonConcurrentGC,AllocLarge,False,0.0123988445775467,0.779668520539417,0,96,21008,62544,35432,13425960,355608,62496,10219384,96,21008,62496,35304
37227.2299777805,215,0,NonConcurrentGC,AllocSmall,False,1.59580423099396,1.85435660754592,0,96,44272,62544,633952,27500064,21008,62496,633824,96,44272,0,0
37400.1530163289,216,0,NonConcurrentGC,AllocSmall,False,0.00838745367946103,0.692511936620576,0,96,69272,62544,1489488,30730256,44272,62496,1489360,96,69272,0,0
37568.5373484196,217,0,NonConcurrentGC,AllocSmall,False,0.0076581098837778,0.323099302710034,0,96,93288,62544,2515128,30589440,69272,62496,2515000,96,93288,0,0
37723.6815378652,218,0,NonConcurrentGC,AllocSmall,False,0.00948146938026184,0.357743133143231,0,96,115048,62544,2942456,27207216,93288,62496,2942328,96,115048,0,0
37858.8923966274,219,0,NonConcurrentGC,AllocSmall,False,0.163737682749343,6.73877202572476,0,96,137344,62544,3199200,21630544,115048,62496,3199072,96,137344,0,0
38022.4065355039,220,0,NonConcurrentGC,AllocSmall,False,0.0878859277145239,0.39931572964997,0,96,161200,62544,3626736,29609088,137344,62496,3626608,96,161200,0,0
38177.4300185509,221,0,NonConcurrentGC,AllocSmall,False,0.00656409418297699,0.383999509882415,0,96,184464,62544,3882416,26021848,161200,62496,3882288,96,184464,0,0
38334.2444052949,222,0,NonConcurrentGC,AllocSmall,False,0.00838745367946103,0.261105079836852,0,96,209704,62544,4395200,27521616,184464,62496,4395072,96,209704,0,0
38506.0818155993,223,0,NonConcurrentGC,AllocSmall,False,0.45912192112155,0.831451930229377,0,96,234416,62544,5591024,29182376,209704,62496,5590896,96,234416,0,0
38664.1229586123,224,0,NonConcurrentGC,AllocSmall,False,2.9013296302146,3.22515827672032,0,96,257536,62544,6105400,26780672,234416,62496,6105272,96,257536,0,0
38803.609230721,225,0,NonConcurrentGC,AllocSmall,False,0.00729343798593618,0.336956834878947,0,96,280264,62544,6875768,24108168,257536,62496,6875640,96,280264,0,0
38959.7365756069,226,0,NonConcurrentGC,AllocSmall,False,0.00692876608809456,0.394939666861319,0,96,306472,62544,7645256,27270872,280264,62496,7645128,96,306472,0,0
39100.4729429861,227,0,NonConcurrentGC,AllocSmall,False,0.0674643013553577,0.400774417248613,0,96,328672,62544,8329248,26599088,306472,62496,8329120,96,328672,0,0
39271.8796757775,228,0,NonConcurrentGC,AllocSmall,False,0.0069287660808186,0.761070253676735,0,96,352928,62544,9098472,29626824,328672,62496,9098344,96,352928,0,0
39444.1463049073,230,0,NonConcurrentGC,AllocSmall,False,0,1.13704698177753,0,96,376592,62544,10038288,27991432,352928,62496,10038160,96,376592,0,0
39584.9041879286,231,1,NonConcurrentGC,AllocSmall,False,0.00692876608809456,0.994824941080878,0,96,20144,62544,889632,23883800,6248,61632,889504,96,20144,61632,889504
39755.5068191822,232,0,NonConcurrentGC,AllocSmall,False,0.00838745367946103,0.389104916466749,0,96,42480,62544,1660296,30073528,20144,61632,1660168,96,42480,0,0
39911.2698568408,233,0,NonConcurrentGC,AllocSmall,False,0.273139252516557,1.49515478681133,0,96,67880,62544,2175248,27043368,42480,61632,2175120,96,67880,0,0
40069.1603903594,234,0,NonConcurrentGC,AllocSmall,False,0.0707463484432083,0.428124809681321,0,96,90584,62544,2688760,28384704,67880,61632,2688632,96,90584,0,0
40239.4293468252,235,0,NonConcurrentGC,AllocSmall,False,0.250164922865224,0.625047635265219,0,96,116344,62544,3458968,28863152,90584,61632,3458840,96,116344,0,0
40381.9763101841,236,0,NonConcurrentGC,AllocSmall,False,0.46714470290317,1.30807810250553,0,96,140328,62544,3972488,24516264,116344,61632,3972360,96,140328,0,0
40506.1259408991,237,0,NonConcurrentGC,AllocSmall,False,0.423019403096987,0.867554448246665,0,96,162512,62544,4314184,22886848,140328,61632,4314056,96,162512,0,0
40663.1441792348,238,0,NonConcurrentGC,AllocSmall,False,0.00838745367946103,0.26475179882982,0,96,188768,62544,4570192,26076816,162512,61632,4570064,96,188768,0,0
40820.3677278497,239,0,NonConcurrentGC,AllocSmall,False,0.0495953782956349,0.692511936627852,0,96,211328,62544,4998328,28841184,188768,61632,4998200,96,211328,0,0
40976.3258649744,240,0,NonConcurrentGC,AllocSmall,False,0.0102108131759451,0.388375572671066,0,96,233328,62544,5340656,27007216,211328,61632,5340528,96,233328,0,0
41116.6063924796,241,0,NonConcurrentGC,AllocSmall,False,0.0481366906969924,0.346438304259209,0,96,257648,62544,5853800,24343240,233328,61632,5853672,96,257648,0,0
41288.1630054216,242,0,NonConcurrentGC,AllocSmall,False,0.51892811259313,0.887611402707989,0,96,280328,62544,6538472,27907144,257648,61632,6538344,96,280328,0,0
41443.27510374,243,0,NonConcurrentGC,AllocSmall,False,0.00838745368673699,0.406973839533748,0,96,305200,62544,7393240,27801808,280328,61632,7393112,96,305200,0,0
41583.9440068179,244,0,NonConcurrentGC,AllocSmall,False,0.00619942228513537,0.364307227318932,0,96,328208,62544,8077784,23378144,305200,61632,8077656,96,328208,0,0
41739.9845597918,245,0,NonConcurrentGC,AllocSmall,False,0.599520602321718,0.963098485852242,0,96,353592,62544,8762376,28069040,328208,61632,8762248,96,353592,0,0
41913.6362127948,246,0,NonConcurrentGC,AllocSmall,False,0.0069287660808186,0.366130586815416,0,96,375864,62544,9703632,30896504,353592,61632,9703504,96,375864,0,0
42053.1903138768,247,0,NonConcurrentGC,AllocSmall,False,0.111954273059382,0.43286554437509,0,96,398632,62544,10559912,25094488,375864,61632,10559784,96,398632,0,0
42192.8403236682,248,0,NonConcurrentGC,AllocSmall,False,0.00838745367946103,0.275327283910883,0,96,422408,62544,11159080,25340576,398632,61632,11158952,96,422408,0,0
42288.5612271355,249,2,BackgroundGC,AllocLarge,False,0.124717789527494,4.74255804938002,3.55992708020494,15076984,422408,62544,35432,0,0,0,0,0,0,0,0
42364.2521618662,250,1,NonConcurrentGC,AllocSmall,False,0.00802278178161941,0.340238881974074,0,96,21208,62544,292280,13309064,96,61632,292152,96,21208,61632,292152
42522.7086661724,251,0,NonConcurrentGC,AllocSmall,False,0.00984614127810346,0.349355679456494,0,96,45464,62544,634264,28520792,21208,61632,634136,96,45464,0,0
42694.545347133,252,0,NonConcurrentGC,AllocSmall,False,0.0109401569789043,0.32638134980516,0,96,69336,62544,1575344,29370248,45464,61632,1575216,96,69336,0,0
42836.4194908378,253,0,NonConcurrentGC,AllocSmall,False,2.77661184067256,3.08840631451312,0,96,93832,62544,2174032,22653832,69336,61632,2173904,96,93832,0,0
42994.3680071884,254,0,NonConcurrentGC,AllocSmall,False,1.82737088700378,2.12858987575601,0,96,116920,62544,2687600,27969776,93832,61632,2687472,96,116920,0,0
43084.623937574,255,0,NonConcurrentGC,AllocSmall,False,0.0102108131759451,0.282620721896819,0,96,139840,62544,2773008,17328816,116920,61632,2772880,96,139840,0,0
43229.620037408,256,0,NonConcurrentGC,AllocSmall,False,2.65080003545154,3.88229703912657,0,96,162784,62544,3715528,24854720,139840,61632,3715400,96,162784,0,0
43397.0172026675,257,0,NonConcurrentGC,AllocSmall,False,0.00729343797866022,0.259646392245486,0,96,188480,62544,5084600,28128864,162784,61632,5084472,96,188480,0,0
43553.4672821842,258,0,NonConcurrentGC,AllocSmall,False,0.00656409418297699,0.26146975174197,0,96,212000,62544,5683568,27497616,188480,61632,5683440,96,212000,0,0
43693.0782720824,259,0,NonConcurrentGC,AllocSmall,False,0.00838745368673699,0.351908382755937,0,96,234640,62544,6197784,26260232,212000,61632,6197656,96,234640,0,0
43856.7163994047,260,0,NonConcurrentGC,AllocSmall,False,0.00619942229241133,6.7314785877461,0,96,259976,62544,7140136,27205504,234640,61632,7140008,96,259976,0,0
43991.7153837935,261,0,NonConcurrentGC,AllocSmall,False,2.50894266664545,3.58180739416275,0,96,282736,62544,7565984,25464912,259976,61632,7565856,96,282736,0,0
44147.3030142685,262,0,NonConcurrentGC,AllocSmall,False,0.148786134879629,0.617754197279282,0,96,306304,62544,8165520,24983632,282736,61632,8165392,96,306304,0,0
44318.3811776787,263,0,NonConcurrentGC,AllocSmall,False,0.431406856776448,0.798631459292665,0,96,331984,62544,8934808,29909024,306304,61632,8934680,96,331984,0,0
44491.9835999753,264,0,NonConcurrentGC,AllocSmall,False,2.6256376743986,3.30101003176242,0,96,358128,62544,9704896,29068648,331984,61632,9704768,96,358128,0,0
44583.115107591,265,2,BackgroundGC,AllocLarge,False,0.0102108131759451,1.05463113255246,0.160820307559334,18719184,358128,62544,3289208,0,0,0,0,0,0,0,0
44662.5891486042,266,1,NonConcurrentGC,AllocSmall,False,0.716944953870552,1.05463113255246,0,96,24328,62544,3631848,10112104,96,61632,634536,96,24328,61632,634536
44820.2517621858,267,0,NonConcurrentGC,AllocSmall,False,0.421560715498345,0.77128106685268,0,96,47560,62544,4144592,27811840,24328,61632,1232368,96,47560,0,0
44974.9634507589,268,0,NonConcurrentGC,AllocSmall,False,0.00510540659161052,0.348991007551376,0,96,70368,62544,4657336,27194912,47560,61632,2173088,96,70368,0,0
45146.4511407119,269,0,NonConcurrentGC,AllocSmall,False,0.147327447280986,0.796808099796181,0,96,96840,62544,5170384,27922584,70368,61632,2771440,96,96840,0,0
45306.1066862228,270,0,NonConcurrentGC,AllocSmall,False,3.10627523757285,3.44177338485315,0,96,123840,62544,5683672,26982072,96840,61632,3370160,96,123840,0,0
45442.891833574,271,0,NonConcurrentGC,AllocSmall,False,0.140034009302326,0.478814203677757,0,96,147072,62544,5854440,25504680,123840,61632,3711816,96,147072,0,0
45598.7442158478,272,0,NonConcurrentGC,AllocSmall,False,0.00838745368673699,0.305595051548153,0,96,169712,62544,6196864,26697032,147072,61632,4139456,96,169712,0,0
45740.519168796,273,0,NonConcurrentGC,AllocSmall,False,0.530962285265559,0.861355025961529,0,96,194600,62544,6710704,24697944,169712,61632,4738768,96,194600,0,0
45880.9882316731,274,0,NonConcurrentGC,AllocSmall,False,0.339874210076232,0.715121594374068,0,96,216720,62544,7563592,26202328,194600,61632,5591656,96,216720,0,0
46051.9850732498,275,0,NonConcurrentGC,AllocSmall,False,0.00656409418297699,0.832181274025061,0,96,239800,62544,8075152,29641880,216720,61632,6188792,96,239800,0,0
46212.8856086246,276,0,NonConcurrentGC,AllocSmall,False,0.548831208332558,1.68040811162064,0,96,264448,62544,8759504,28409224,239800,61632,7130256,96,264448,0,0
46365.2210951024,277,0,NonConcurrentGC,AllocSmall,False,0.0069287660808186,0.351179038952978,0,96,286608,62544,9700080,26377936,264448,61632,8070832,96,286608,0,0
46507.7585769919,278,0,NonConcurrentGC,AllocSmall,False,0.559406693406345,0.92225523313391,0,96,311064,62544,10382936,24374408,286608,61632,9009704,96,311064,0,0
46677.4425997314,279,0,NonConcurrentGC,AllocSmall,False,0.0787691302321036,0.398951057744853,0,96,334928,62544,10895352,27990568,311064,61632,9864176,96,334928,0,0
46823.0593711379,280,0,NonConcurrentGC,AllocSmall,False,3.61718056838436,4.38372090055054,0,96,361064,62544,11066392,23794104,334928,61632,10035216,96,361064,0,0
46991.1811394611,282,0,NonConcurrentGC,AllocSmall,False,0,2.69346664765908,0,96,383928,62544,12093200,30216760,361064,61632,11147728,96,383928,0,0
47166.9595589804,283,1,NonConcurrentGC,AllocSmall,False,3.74189835791913,4.24988631354063,0,96,21528,62544,720184,28202720,11832,61632,720056,96,21528,61632,720056
47318.4475479644,284,0,NonConcurrentGC,AllocSmall,False,0.155350229069882,0.512364018410153,0,96,43376,62544,1061640,28115888,21528,61632,1061512,96,43376,0,0
47412.2860150879,285,0,NonConcurrentGC,AllocSmall,False,0.0492307063977933,1.0717707118165,0,96,65816,62544,1575480,16531080,43376,61632,1575352,96,65816,0,0
47584.8359942834,286,0,NonConcurrentGC,AllocSmall,False,0.00619942228513537,0.353731742245145,0,96,91336,62544,2601184,27268320,65816,61632,2601056,96,91336,0,0
47725.7408400801,287,0,NonConcurrentGC,AllocSmall,False,0.137845977908,0.546278505033115,0,96,114136,62544,2944136,25136384,91336,61632,2944008,96,114136,0,0
47872.8804813377,288,0,NonConcurrentGC,AllocSmall,False,0.179783246319857,9.00447853559308,0,96,137528,62544,3629720,22966600,114136,61632,3629592,96,137528,0,0
48023.5071152958,289,0,NonConcurrentGC,AllocSmall,False,0.334039459688938,0.697982015110028,0,96,160032,62544,4399232,28385992,137528,61632,4399104,96,160032,0,0
48161.3301188721,290,0,NonConcurrentGC,AllocSmall,False,0.00875212557730265,1.69317162808875,0,96,184192,62544,5168400,25161752,160032,61632,5168272,96,184192,0,0
48318.9712168117,291,0,NonConcurrentGC,AllocSmall,False,0.00838745367946103,0.338050850579748,0,96,207352,62544,5853024,26853432,184192,61632,5852896,96,207352,0,0
48489.3966175223,292,0,NonConcurrentGC,AllocSmall,False,0.00729343798593618,0.345708960463526,0,96,232208,62544,6281440,29472864,207352,61632,6281312,96,232208,0,0
48647.1161199202,293,0,NonConcurrentGC,AllocSmall,False,0.00984614127810346,0.336592162981106,0,96,254464,62544,7566584,28182384,232208,61632,7566456,96,254464,0,0
48818.4079810633,294,0,NonConcurrentGC,AllocSmall,False,0.00547007848945213,0.297936941664375,0,96,280680,62544,7995016,28102232,254464,61632,7994888,96,280680,0,0
48974.1954517391,295,0,NonConcurrentGC,AllocSmall,False,0.348626335653535,0.720227000965679,0,96,303040,62544,8937032,29221600,280680,61632,8936904,96,303040,0,0
49116.1545639965,296,0,NonConcurrentGC,AllocSmall,False,0.00656409419025294,0.295384238372208,0,96,326856,62544,9107728,24362568,303040,61632,9107600,96,326856,0,0
49288.0196893652,297,0,NonConcurrentGC,AllocSmall,False,0.0113048288694699,0.328204709294369,0,96,348776,62544,9877912,29094336,326856,61632,9877784,96,348776,0,0
49460.0594925736,299,0,NonConcurrentGC,AllocSmall,False,0,2.26898855696345,0,96,373432,62544,11248896,29575240,348776,61632,11248768,96,373432,0,0
49460.0456350415,298,2,BackgroundGC,AllocSmall,False,0.0565241443764535,0.192911434685811,0.144410072090977,1136136,373432,62544,35432,0,0,0,0,0,0,0,0
49617.0062552171,300,1,NonConcurrentGC,AllocSmall,False,0.250529594770342,0.670266950772202,0,96,19824,62544,292664,27171512,13944,61632,292536,96,19824,61632,292536
49772.1143421447,301,0,NonConcurrentGC,AllocSmall,False,0.0798631459329044,1.19977054843912,0,96,42400,62544,1150256,26184864,19824,61632,1150128,96,42400,0,0
49928.6089116331,302,0,NonConcurrentGC,AllocSmall,False,0.0660056137567153,0.672454982166528,0,96,65744,62544,1834816,25985136,42400,61632,1834688,96,65744,0,0
50084.5200060827,303,0,NonConcurrentGC,AllocSmall,False,0.363577883523249,0.736637236426759,0,96,91480,62544,2518024,26158560,65744,61632,2517896,96,91480,0,0
50225.6921563815,304,0,NonConcurrentGC,AllocSmall,False,0.286996784692747,0.606449368409812,0,96,115256,62544,2859296,25532568,91480,61632,2859168,96,115256,0,0
50383.771589944,305,0,NonConcurrentGC,AllocSmall,False,0.010210813183221,0.319087911819224,0,96,140160,62544,3201688,27676968,115256,61632,3201560,96,140160,0,0
50537.1646249295,306,0,NonConcurrentGC,AllocSmall,False,0.106119522672088,0.433959560075891,0,96,164384,62544,3885960,24706120,140160,61632,3885832,96,164384,0,0
50693.2795709708,307,0,NonConcurrentGC,AllocSmall,False,0.0109401569716283,0.356284445537312,0,96,188976,62544,4656200,29086048,164384,61632,4656072,96,188976,0,0
50834.3550832163,308,0,NonConcurrentGC,AllocSmall,False,0.00729343798593618,0.311794473833288,0,96,210712,62544,5426384,25992000,188976,61632,5426256,96,210712,0,0
51024.5486182399,309,0,NonConcurrentGC,AllocSmall,False,3.01510726277047,3.3863432561775,0,96,236872,62544,6708176,29638584,210712,61632,6708048,96,236872,0,0
51162.3767272229,310,0,NonConcurrentGC,AllocSmall,False,0.00656409418297699,0.796808099796181,0,96,259176,62544,7650608,25237096,236872,61632,7650480,96,259176,0,0
51334.1886104943,311,0,NonConcurrentGC,AllocSmall,False,0.00875212558457861,0.409891214731033,0,96,283992,62544,8335568,29915648,259176,61632,8335440,96,283992,0,0
51509.6158509746,312,0,NonConcurrentGC,AllocSmall,False,3.14310709939309,3.45891296412447,0,96,308640,62544,9535232,28115744,283992,61632,9535104,96,308640,0,0
51615.892182565,313,2,BackgroundGC,AllocLarge,False,0.307418411044637,1.6009096375783,0.252717626157391,21425624,308640,62544,3287960,0,0,0,0,0,0,0,0
51661.3365006303,314,1,NonConcurrentGC,AllocSmall,False,0.00984614127810346,1.36533159069222,0,96,20944,62544,3458696,6887712,96,61632,291784,96,20944,61632,291784
51803.4363762408,315,0,NonConcurrentGC,AllocSmall,False,0.00692876608809456,0.345344288565684,0,96,43144,62544,3971584,25259440,20944,61632,804672,96,43144,0,0
51973.6305749672,316,0,NonConcurrentGC,AllocSmall,False,0.00729343798593618,0.394939666861319,0,96,68624,62544,4570920,28569608,43144,61632,1489336,96,68624,0,0
52132.1439680898,317,0,NonConcurrentGC,AllocSmall,False,0.509081971315027,1.41237426568841,0,96,91784,62544,4741400,27366912,68624,61632,1745016,96,91784,0,0
52271.3439727576,318,0,NonConcurrentGC,AllocSmall,False,0.5491958802304,1.75480117905681,0,96,114528,62544,5511640,24786048,91784,61632,2601264,96,114528,0,0
52411.258005004,319,0,NonConcurrentGC,AllocSmall,False,0.010210813183221,0.316535208527057,0,96,139104,62544,6025536,25095112,114528,61632,3115160,96,139104,0,0
52572.4378790537,320,0,NonConcurrentGC,AllocSmall,False,2.84334679823223,3.19197313389304,0,96,161384,62544,6538592,29005024,139104,61632,3714016,96,161384,0,0
52739.6523436916,321,0,NonConcurrentGC,AllocSmall,False,0.232295999805501,0.576910944568226,0,96,187608,62544,7051960,26884528,161384,61632,4398144,96,187608,0,0
52880.8135538334,322,0,NonConcurrentGC,AllocSmall,False,0.00583475038729375,0.365765914917574,0,96,211216,62544,7222528,25410552,187608,61632,4654304,96,211216,0,0
53056.2232900626,323,0,NonConcurrentGC,AllocSmall,False,3.06506731296395,3.40421217923722,0,96,238192,62544,7650848,28922200,211216,61632,5253224,96,238192,0,0
53225.6659000048,324,0,NonConcurrentGC,AllocSmall,False,0.15899694806285,0.458757249223709,0,96,260744,62544,8677320,30181120,238192,61632,6365368,96,260744,0,0
53366.2731735317,325,0,NonConcurrentGC,AllocSmall,False,0.0948146938026184,0.403691792438622,0,96,285584,62544,9191520,25316080,260744,61632,6964960,96,285584,0,0
53506.7579173004,326,0,NonConcurrentGC,AllocSmall,False,0.383634837977297,0.748306737201347,0,96,307680,62544,9619488,25076760,285584,61632,7906728,96,307680,0,0
53681.9360868736,327,0,NonConcurrentGC,AllocSmall,False,0.0313617833380704,1.14178771646402,0,96,333680,62544,10133080,28359840,307680,61632,8506216,96,333680,0,0
53834.1005422306,328,0,NonConcurrentGC,AllocSmall,False,0.0105754850810627,0.314347177132731,0,96,355784,62544,11073744,27608272,333680,61632,9788176,96,355784,0,0
53974.0134804614,330,0,NonConcurrentGC,AllocSmall,False,0,2.07170105948171,0,96,377792,62544,11927968,25398000,355784,61632,10727424,96,377792,0,0
53973.9996229293,329,2,BackgroundGC,AllocSmall,False,0.176865871122573,0.301948332555185,0.132375899418548,8312,377792,62544,35432,0,0,0,0,0,0,0,0
54131.5090743132,331,1,NonConcurrentGC,AllocSmall,False,0.186347340502834,1.43243122014246,0,96,20304,62544,462768,26221424,19536,61632,462640,96,20304,61632,462640
54288.3963954371,332,0,NonConcurrentGC,AllocSmall,False,0.00729343798593618,0.359931164537556,0,96,43320,62544,974872,26060400,20304,61632,974744,96,43320,0,0
54442.8396854924,333,0,NonConcurrentGC,AllocSmall,False,0.0802278178307461,0.39019893216755,0,96,68736,62544,1743752,26889184,43320,61632,1743624,96,68736,0,0
54600.8191989544,334,0,NonConcurrentGC,AllocSmall,False,0.078404458334262,0.401139089146454,0,96,92160,62544,2341896,26367928,68736,61632,2341768,96,92160,0,0
54755.6785796467,335,0,NonConcurrentGC,AllocSmall,False,0.0196922825562069,0.358472476931638,0,96,117992,62544,2769528,26407984,92160,61632,2769400,96,117992,0,0
54900.2775517825,336,0,NonConcurrentGC,AllocSmall,False,3.67589274416241,4.01175556334783,0,96,140520,62544,3710640,24170232,117992,61632,3710512,96,140520,0,0
55053.3252424795,337,0,NonConcurrentGC,AllocSmall,False,0.00619942228513537,0.367589274414058,0,96,164480,62544,4308944,28003400,140520,61632,4308816,96,164480,0,0
55178.0470434043,338,0,NonConcurrentGC,AllocSmall,False,0.0069287660808186,0.318723239921383,0,96,186616,62544,5079440,23792976,164480,61632,5079312,96,186616,0,0
55332.4155757203,339,0,NonConcurrentGC,AllocSmall,False,9.83337776253029,10.1553830495395,0,96,209400,62544,5592656,23855584,186616,61632,5592528,96,209400,0,0
55490.4122287616,340,0,NonConcurrentGC,AllocSmall,False,0.00729343798593618,0.314711849030573,0,96,235440,62544,6447448,28192472,209400,61632,6447320,96,235440,0,0
55666.1494403563,341,0,NonConcurrentGC,AllocSmall,False,2.95201902419649,3.29043454668135,0,96,262000,62544,7046736,28792952,235440,61632,7046608,96,262000,0,0
55818.5677073552,342,0,NonConcurrentGC,AllocSmall,False,0.00948146938026184,0.292466863174923,0,96,285824,62544,7645376,28386688,262000,61632,7645248,96,285824,0,0
55960.1417260869,343,0,NonConcurrentGC,AllocSmall,False,0.256364345150359,0.585663070152805,0,96,308848,62544,8243184,24910624,285824,61632,8243056,96,308848,0,0
56130.8307845806,344,0,NonConcurrentGC,AllocSmall,False,0.055065456785087,0.474438140889106,0,96,332824,62544,8840872,30212976,308848,61632,8840744,96,332824,0,0
56303.6210825577,345,0,NonConcurrentGC,AllocSmall,False,0.351179038952978,0.710745531585417,0,96,357000,62544,9527600,29395184,332824,61632,9527472,96,357000,0,0
56443.9358892214,346,0,NonConcurrentGC,AllocSmall,False,0.00911679748242022,0.264022455041413,0,96,379400,62544,9699024,23735824,357000,61632,9698896,96,379400,0,0
56599.995769806,347,0,NonConcurrentGC,AllocSmall,False,0.00510540659161052,0.579098975962552,0,96,403416,62544,10125664,26593040,379400,61632,10125536,96,403416,0,0
56661.7628020805,348,2,BackgroundGC,AllocLarge,False,0.0116695007745875,1.27379894397745,0.171760464530962,8737416,403416,62544,3284784,0,0,0,0,0,0,0,0
56773.6153316819,349,1,NonConcurrentGC,AllocSmall,False,2.99687366781291,3.42755118079367,0,96,22168,62544,3541608,18200160,96,61632,377840,96,22168,61632,377840
56913.4024581074,350,0,NonConcurrentGC,AllocSmall,False,2.34082892110746,2.61141547033185,0,96,44376,62544,3798984,26866752,22168,61632,635216,96,44376,0,0
57068.6494850286,351,0,NonConcurrentGC,AllocSmall,False,0.00583475038729375,0.33841552247759,0,96,69464,62544,3969960,26694200,44376,61632,892152,96,69464,0,0
57226.0035861835,352,0,NonConcurrentGC,AllocSmall,False,0.00656409418297699,0.300854316854384,0,96,92064,62544,4482464,28054904,69464,61632,1490256,96,92064,0,0
57382.6122979763,353,0,NonConcurrentGC,AllocSmall,False,0.0441252998061827,0.340238881974074,0,96,118200,62544,5081768,25155200,92064,61632,2174696,96,118200,0,0
57537.8746411173,354,0,NonConcurrentGC,AllocSmall,False,0.507987955614226,0.904021638176346,0,96,141064,62544,5509464,28847128,118200,61632,2945096,96,141064,0,0
57677.3226226765,355,0,NonConcurrentGC,AllocSmall,False,0.390928275963233,0.756329518982966,0,96,165240,62544,5765272,26037392,141064,61632,3285952,96,165240,0,0
57833.7132606737,356,0,NonConcurrentGC,AllocSmall,False,0.0069287660808186,0.337321506776789,0,96,188504,62544,6193320,25634472,165240,61632,3885304,96,188504,0,0
57975.1220830351,357,0,NonConcurrentGC,AllocSmall,False,0.107578210270731,0.45912192112155,0,96,212224,62544,6535040,24614888,188504,61632,4398808,96,212224,0,0
58133.3477500291,358,0,NonConcurrentGC,AllocSmall,False,0.691782592824893,1.05645449204894,0,96,236152,62544,7305896,29786656,212224,61632,5254824,96,236152,0,0
58288.0091138801,359,0,NonConcurrentGC,AllocSmall,False,0.00656409419025294,0.308877098643279,0,96,258032,62544,7648736,27351456,236152,61632,5683456,96,258032,0,0
58444.0044475385,360,0,NonConcurrentGC,AllocSmall,False,0.286996784692747,0.762893613173219,0,96,282768,62544,7991576,26972352,258032,61632,6197200,96,282768,0,0
58614.8915228735,361,0,NonConcurrentGC,AllocSmall,False,0.00619942228513537,0.25235295425955,0,96,305632,62544,8848784,29124736,282768,61632,7140432,96,305632,0,0
58787.6340488318,362,0,NonConcurrentGC,AllocSmall,False,0.19254676278797,0.470791421896138,0,96,330088,62544,9617968,29817392,305632,61632,7909616,96,330088,0,0
58959.3368952053,363,0,NonConcurrentGC,AllocSmall,False,0.00547007848945213,0.255635001354676,0,96,356144,62544,9961272,27838104,330088,61632,8423944,96,356144,0,0
59115.8077610203,364,0,NonConcurrentGC,AllocSmall,False,0.149515478682588,0.459486593019392,0,96,378200,62544,10218416,30022776,356144,61632,8767096,96,378200,0,0
59412.8596439854,366,0,NonConcurrentGC,AllocSmall,False,0.00692876608809456,0.860625682165846,0,96,427280,62544,10732144,27442648,401648,61632,9451832,96,427280,0,0
59567.7518451486,367,0,NonConcurrentGC,AllocSmall,False,0.246882875777374,0.57873430406471,0,96,450280,62544,11245400,27548248,427280,61632,10220808,96,450280,0,0
59741.2426778441,369,0,NonConcurrentGC,AllocLarge,False,0,4.93619882787607,0,96,476376,62544,11844992,29514568,450280,61632,10906248,96,476376,0,0
59741.2306436714,368,2,BackgroundGC,AllocLarge,False,0.417184652709693,0.580192991663353,0.188170699999318,2328496,476376,62544,35432,0,0,0,0,0,0,0,0
59895.524418248,370,1,NonConcurrentGC,AllocSmall,False,0.0313617833307944,0.466415359107486,0,96,20744,62544,891632,26981608,4744,61632,891504,96,20744,61632,891504
60052.7235338457,371,0,NonConcurrentGC,AllocSmall,False,0.00729343798593618,0.340968225769757,0,96,46120,62544,1833776,26823384,20744,61632,1833648,96,46120,0,0
60193.2957988703,372,0,NonConcurrentGC,AllocSmall,False,0.15498555717204,0.511270002709352,0,96,68040,62544,2261680,26718352,46120,61632,2261552,96,68040,0,0
60367.3423915402,373,0,NonConcurrentGC,AllocSmall,False,2.36489726645959,2.67669174029288,0,96,94408,62544,3374848,27650976,68040,61632,3374720,96,94408,0,0
60520.9684518693,374,0,NonConcurrentGC,AllocSmall,False,0.0350085023237625,0.429583497279964,0,96,117392,62544,4229112,28680272,94408,61632,4228984,96,117392,0,0
60680.3738324573,375,0,NonConcurrentGC,AllocSmall,False,3.30939748544188,3.60952245850058,0,96,143504,62544,5170680,25706016,117392,61632,5170552,96,143504,0,0
60834.1271632793,376,0,NonConcurrentGC,AllocSmall,False,0.299760301160859,0.663702856581949,0,96,166984,62544,5855312,29688080,143504,61632,5855184,96,166984,0,0
61005.4379873612,377,0,NonConcurrentGC,AllocSmall,False,0.00656409418297699,0.389834260269708,0,96,192728,62544,6798472,29979584,166984,61632,6798344,96,192728,0,0
61162.1043173141,378,0,NonConcurrentGC,AllocSmall,False,0.00547007848945213,0.566335459494439,0,96,215864,62544,7054760,26678072,192728,61632,7054632,96,215864,0,0
61461.0951607674,380,0,NonConcurrentGC,AllocSmall,False,0.00729343798593618,0.591497820540098,0,96,264480,62544,8933552,28423352,241256,61632,8933424,96,264480,0,0
61616.3910537231,381,0,NonConcurrentGC,AllocSmall,False,0.187441356196359,0.520386800184497,0,96,290816,62544,9362704,25743280,264480,61632,9362576,96,290816,0,0
61771.3594713133,382,0,NonConcurrentGC,AllocSmall,False,0.00948146938026184,1.11079060503107,0,96,312576,62544,9961304,29689872,290816,61632,9961176,96,312576,0,0
61930.3582427336,383,0,NonConcurrentGC,AllocSmall,False,3.08694762691448,3.43338593117369,0,96,336856,62544,10558584,25155384,312576,61632,10558456,96,336856,0,0
62100.7836434442,384,0,NonConcurrentGC,AllocSmall,False,0.821970460849116,1.1592919676259,0,96,363640,62544,11414096,29290616,336856,61632,11413968,96,363640,0,0
62115.5400918463,385,2,NonConcurrentGC,AllocLarge,False,0.167019729844469,0.901104262979061,0,96,17472,64944,35432,5258160,363640,61632,11670944,96,17472,64896,35304
62274.5089601709,386,0,NonConcurrentGC,AllocSmall,False,3.20473665036843,3.51033170191658,0,96,43808,64944,1146256,24628944,17472,64896,1146128,96,43808,0,0
62411.7153035657,387,0,NonConcurrentGC,AllocSmall,False,0.00984614127810346,1.80403188545461,0,96,66712,64944,1916712,25755080,43808,64896,1916584,96,66712,0,0
62568.0738504357,388,0,NonConcurrentGC,AllocSmall,False,0.335862819185422,0.706734140694607,0,96,92928,64944,2344560,26061128,66712,64896,2344432,96,92928,0,0
62740.1727304918,389,0,NonConcurrentGC,AllocSmall,False,0.187806028101477,0.544455145536631,0,96,116296,64944,3030552,29898776,92928,64896,3030424,96,116296,0,0
62880.4517993094,390,0,NonConcurrentGC,AllocSmall,False,0.223179202323081,0.576181600772543,0,96,138336,64944,3629312,26042104,116296,64896,3629184,96,138336,0,0
63068.9350231257,391,0,NonConcurrentGC,AllocSmall,False,0.00692876608809456,0.313617833329772,0,96,163560,64944,4226680,30431552,138336,64896,4226552,96,163560,0,0
63380.8808357988,393,0,NonConcurrentGC,AllocSmall,False,0.00875212557730265,0.364307227318932,0,96,213312,64944,5508440,25442816,190560,64896,5508312,96,213312,0,0
63569.6364695238,394,0,NonConcurrentGC,AllocSmall,False,0.209686342052009,0.743566002507578,0,96,239288,64944,6536224,30193184,213312,64896,6536096,96,239288,0,0
63710.1099084637,395,0,NonConcurrentGC,AllocSmall,False,0.226096577520366,0.565970787596598,0,96,263760,64944,7050792,26635088,239288,64896,7050664,96,263760,0,0
63880.2559704995,396,0,NonConcurrentGC,AllocSmall,False,0.0506893939891597,0.358107805033796,0,96,287624,64944,7734952,28215296,263760,64896,7734824,96,287624,0,0
64037.2920777583,397,0,NonConcurrentGC,AllocSmall,False,0.0116695007745875,0.336227491083264,0,96,313104,64944,8332648,28474120,287624,64896,8332520,96,313104,0,0
64196.2018692352,398,0,NonConcurrentGC,AllocSmall,False,0.00838745367946103,0.339874210076232,0,96,336104,64944,8674584,27435024,313104,64896,8674456,96,336104,0,0
64303.6283759957,399,0,NonConcurrentGC,AllocSmall,False,0.0463133312005084,0.328934053097328,0,96,358080,64944,9186552,20766360,336104,64896,9186424,96,358080,0,0
64473.8976971334,400,0,NonConcurrentGC,AllocSmall,False,0.0156808916653972,0.565970787596598,0,96,383776,64944,9699760,27897952,358080,64896,9699632,96,383776,0,0
64599.4804884124,401,0,NonConcurrentGC,AllocSmall,False,0.014951547869714,0.397492370153486,0,96,406912,64944,10127120,22560504,383776,64896,10126992,96,406912,0,0
64757.508503237,402,0,NonConcurrentGC,AllocSmall,False,0.245788860076573,0.561230052902829,0,96,428608,64944,10896464,29583080,406912,64896,10896336,96,428608,0,0
64895.4806576201,403,0,NonConcurrentGC,AllocSmall,False,0.0113048288767459,0.322369958914351,0,96,451384,64944,11067384,23843688,428608,64896,11067256,96,451384,0,0
65056.57993918,404,2,BackgroundGC,AllocLarge,False,3.07309009474557,7.07427017301234,2.02721108777769,27411688,451384,64944,3285440,0,0,0,0,0,0,0,0
65070.2722749801,405,1,NonConcurrentGC,AllocSmall,False,0.496318454846914,0.928454655426322,0,96,22448,64944,3370480,1765080,96,61632,206264,96,22448,61632,206264
65380.442500176,407,0,NonConcurrentGC,AllocSmall,False,0.00911679747514427,0.677195716853021,0,96,70736,64944,4226088,28931368,46096,61632,1317984,96,70736,0,0
65536.9315995859,408,0,NonConcurrentGC,AllocSmall,False,0.0105754850810627,0.307053739146795,0,96,93176,64944,4397728,27518384,70736,61632,1661376,96,93176,0,0
65678.5391681323,409,0,NonConcurrentGC,AllocSmall,False,0.00984614128537942,1.58413473023393,0,96,117512,64944,4653976,24569800,93176,61632,2088592,96,117512,0,0
65833.0521105204,410,0,NonConcurrentGC,AllocSmall,False,0.00838745367946103,0.340238881966798,0,96,140792,64944,5424544,25230288,117512,61632,3115232,96,140792,0,0
66009.0781422592,411,0,NonConcurrentGC,AllocSmall,False,3.4304685559764,3.78055357922858,0,96,165784,64944,5936944,29939584,140792,61632,3798392,96,165784,0,0
66161.446084536,412,0,NonConcurrentGC,AllocSmall,False,0.0838745368237142,1.24061380115745,0,96,187792,64944,6450784,26982144,165784,61632,4483400,96,187792,0,0
66318.4245736347,413,0,NonConcurrentGC,AllocSmall,False,0.538620395149337,0.870471823436674,0,96,212576,64944,7135960,25689648,187792,61632,5253640,96,212576,0,0
66476.2483721958,414,0,NonConcurrentGC,AllocSmall,False,0.650939340121113,2.26242446278047,0,96,235416,64944,7735024,26707536,212576,61632,5938024,96,235416,0,0
66599.6945508172,415,0,NonConcurrentGC,AllocSmall,False,0.00656409417570103,0.275691955801449,0,96,258856,64944,7991840,21609664,235416,61632,6451648,96,258856,0,0
66739.6450502536,416,0,NonConcurrentGC,AllocSmall,False,0.180877262013382,0.870836495334515,0,96,281896,64944,8932840,24793368,258856,61632,7392648,96,281896,0,0
66914.5584680279,417,0,NonConcurrentGC,AllocSmall,False,0.00729343798593618,0.272774580618716,0,96,306928,64944,9531296,26163552,281896,61632,7991104,96,306928,0,0
67132.2584750661,418,0,NonConcurrentGC,AllocSmall,False,0.0495953782956349,0.52293950348394,0,96,331432,64944,9958848,29872224,306928,61632,8504424,96,331432,0,0
67240.0146452235,419,0,NonConcurrentGC,AllocSmall,False,0.429948169185082,0.820147101359908,0,96,353976,64944,10129408,21089032,331432,61632,8760744,96,353976,0,0
67411.3466202755,420,0,NonConcurrentGC,AllocSmall,False,0.00729343798593618,1.2092520178121,0,96,378296,64944,10557400,29885464,353976,61632,9616712,96,378296,0,0
67551.9794208354,421,0,NonConcurrentGC,AllocSmall,False,0.00619942229241133,0.807748256775085,0,96,402080,64944,11157336,23671208,378296,61632,10388136,96,402080,0,0
67692.2665124348,422,0,NonConcurrentGC,AllocSmall,False,0.00875212557730265,0.600614618015243,0,96,425376,64944,11584784,25608648,402080,61632,10815584,96,425376,0,0
67725.7244298446,423,2,NonConcurrentGC,AllocLarge,False,0.455110530238017,1.47327447286807,0,96,20688,62544,35432,6181472,425376,61632,10986992,96,20688,62496,35304
67848.8985632292,424,0,NonConcurrentGC,AllocSmall,False,0.00984614128537942,0.329298725002445,0,96,43168,62544,804048,21892520,20688,62496,803920,96,43168,0,0
67993.0734219462,425,0,NonConcurrentGC,AllocSmall,False,3.58581878505356,3.93262176121061,0,96,67232,62544,1231824,23104176,43168,62496,1231696,96,67232,0,0
68163.8040530364,426,0,NonConcurrentGC,AllocSmall,False,0.0094814693875378,0.398221713956445,0,96,93352,62544,1831568,28318560,67232,62496,1831440,96,93352,0,0
68303.4814132203,427,0,NonConcurrentGC,AllocSmall,False,0.00802278178161941,0.334039459688938,0,96,115592,62544,2516040,26640664,93352,62496,2515912,96,115592,0,0
68458.9603714694,428,0,NonConcurrentGC,AllocSmall,False,0.00583475039456971,0.32820470930892,0,96,138408,62544,3200856,27636312,115592,62496,3200728,96,138408,0,0
68616.6353838956,429,0,NonConcurrentGC,AllocSmall,False,0.038290549418889,0.747942065310781,0,96,163192,62544,3627256,27243792,138408,62496,3627128,96,163192,0,0
68757.3101217238,430,0,NonConcurrentGC,AllocSmall,False,0.0116695007891394,0.483554938371526,0,96,185048,62544,4139168,25418680,163192,62496,4139040,96,185048,0,0
68927.762508155,431,0,NonConcurrentGC,AllocSmall,False,0.0291737519437447,0.358472476931638,0,96,209504,62544,5250248,29104176,185048,62496,5250120,96,209504,0,0
69103.4785687795,432,0,NonConcurrentGC,AllocSmall,False,3.40275349163858,3.75976728097885,0,96,232688,62544,5847544,28522504,209504,62496,5847416,96,232688,0,0
69272.2782621634,433,0,NonConcurrentGC,AllocSmall,False,0.0441252998134587,0.589309789138497,0,96,258856,62544,6531144,27811208,232688,62496,6531016,96,258856,0,0
69427.8049924312,434,0,NonConcurrentGC,AllocSmall,False,0.142586712594493,1.16257401472831,0,96,285008,62544,7043352,26776784,258856,62496,7043224,96,285008,0,0
69569.2240256058,435,0,NonConcurrentGC,AllocSmall,False,0.0094814693875378,1.85946201413753,0,96,306992,62544,7983880,25764968,285008,62496,7983752,96,306992,0,0
69710.9964258507,436,0,NonConcurrentGC,AllocSmall,False,0.0076581098837778,0.357743133135955,0,96,329128,62544,8838704,24666904,306992,62496,8838576,96,329128,0,0
69873.3946687156,437,0,NonConcurrentGC,AllocSmall,False,0.00692876607354265,0.33659216297383,0,96,353808,62544,9438728,26780656,329128,62496,9438600,96,353808,0,0
70021.8420234039,438,0,NonConcurrentGC,AllocSmall,False,0.0459486593026668,0.995554284876562,0,96,376360,62544,9950784,27502936,353808,62496,9950656,96,376360,0,0
70161.6732751293,439,0,NonConcurrentGC,AllocSmall,False,0.14586875968962,1.42112639127299,0,96,399016,62544,10463448,24575384,376360,62496,10463320,96,399016,0,0
70302.1251984271,440,0,NonConcurrentGC,AllocSmall,False,0.00911679748969618,0.649480652515194,0,96,421800,62544,10890896,24845120,399016,62496,10890768,96,421800,0,0
70397.0022511196,441,2,BackgroundGC,AllocLarge,False,0.0539714410988381,1.2026879236364,0.254176313756034,17269432,421800,62544,3284920,0,0,0,0,0,0,0,0
70460.0664213397,442,1,NonConcurrentGC,AllocSmall,False,0.0528774253762094,1.64430559358152,0,96,22008,62544,3542040,8178600,96,61632,463328,96,22008,61632,463328
70619.7730209165,443,0,NonConcurrentGC,AllocSmall,False,2.72811047807045,3.05193912459072,0,96,45656,62544,4055800,28387848,22008,61632,1148560,96,45656,0,0
70756.7656665783,444,0,NonConcurrentGC,AllocSmall,False,0.010210813183221,0.761070253676735,0,96,69496,62544,4312336,26079104,45656,61632,1660520,96,69496,0,0
70898.0297141957,445,0,NonConcurrentGC,AllocSmall,False,0.00729343798593618,0.322734630812192,0,96,91512,62544,4655304,23813368,69496,61632,2431272,96,91512,0,0
71067.3800621474,446,0,NonConcurrentGC,AllocSmall,False,0.00692876607354265,0.35482575793867,0,96,113832,62544,5596840,29256776,91512,61632,3714472,96,113832,0,0
71241.4649453667,447,0,NonConcurrentGC,AllocSmall,False,0.0105754850810627,1.25082461432612,0,96,139008,62544,6023880,29186576,113832,61632,4397560,96,139008,0,0
71397.4730425415,448,0,NonConcurrentGC,AllocSmall,False,0.0098461412708275,1.02399869301007,0,96,164480,62544,6537392,26924640,139008,61632,5081176,96,164480,0,0
71536.7664032155,449,0,NonConcurrentGC,AllocSmall,False,0.00911679747514427,0.292831535072764,0,96,186312,62544,7051720,26547920,164480,61632,5595504,96,186312,0,0
71693.2201294512,450,0,NonConcurrentGC,AllocSmall,False,0.213333061052253,0.940124156200909,0,96,210464,62544,7137496,26140160,186312,61632,5851968,96,210464,0,0
71837.7334036907,451,0,NonConcurrentGC,AllocSmall,False,2.98009876043943,3.31924362672726,0,96,235640,62544,7822232,25690488,210464,61632,6622400,96,235640,0,0
72006.3201286854,452,0,NonConcurrentGC,AllocSmall,False,0.00729343798593618,0.346438304259209,0,96,259448,62544,8590568,27769904,235640,61632,7561784,96,259448,0,0
72162.4606017597,453,0,NonConcurrentGC,AllocSmall,False,0.00656409419025294,1.20195857984072,0,96,284464,62544,9017712,28564952,259448,61632,7988928,96,284464,0,0
72319.4029883403,454,0,NonConcurrentGC,AllocSmall,False,0.00656409419025294,0.61410747829359,0,96,308008,62544,9445872,26279944,284464,61632,8588896,96,308008,0,0
72489.6569932583,455,0,NonConcurrentGC,AllocSmall,False,0.354096414142987,0.705275453103241,0,96,333744,62544,10043832,29732760,308008,61632,9357600,96,333744,0,0
72631.9140424573,456,0,NonConcurrentGC,AllocSmall,False,0.00656409419025294,1.07104136802081,0,96,356064,62544,10470912,26400480,333744,61632,9955072,96,356064,0,0
72786.9429955827,457,0,NonConcurrentGC,AllocSmall,False,0.00838745367946103,0.344979616653291,0,96,380520,62544,10898440,26658096,356064,61632,10553992,96,380520,0,0
72959.4583309478,458,2,NonConcurrentGC,AllocSmall,False,0.0120341726724291,1.10750855793594,0,96,20904,62544,35432,29568664,380520,61632,11495368,96,20904,62496,35304
73076.9501467987,459,0,NonConcurrentGC,AllocSmall,False,0.00802278178161941,0.417549324614811,0,96,43528,62544,463112,20215232,20904,62496,462984,96,43528,0,0
73224.4249215317,460,0,NonConcurrentGC,AllocSmall,False,0.00729343798593618,0.310335786241922,0,96,65168,62544,1147368,27488192,43528,62496,1147240,96,65168,0,0
73397.9715490278,461,0,NonConcurrentGC,AllocSmall,False,0.0291737519437447,0.695793983715703,0,96,90448,62544,2173096,27824320,65168,62496,2172968,96,90448,0,0
73537.9377293558,462,0,NonConcurrentGC,AllocSmall,False,0.00948146937298588,0.371600665312144,0,96,113416,62544,2515256,24232360,90448,62496,2515128,96,113416,0,0
73693.6106930553,463,0,NonConcurrentGC,AllocSmall,False,0.0105754850810627,0.424113418790512,0,96,137992,62544,2857656,28014136,113416,62496,2857528,96,137992,0,0
73832.9784467967,464,0,NonConcurrentGC,AllocSmall,False,0.00583475038001779,0.356284445530036,0,96,159968,62544,3370768,24997400,137992,62496,3370640,96,159968,0,0
74007.3878880063,465,0,NonConcurrentGC,AllocSmall,False,0.00583475039456971,0.296113582167891,0,96,185464,62544,4055728,28086776,159968,62496,4055600,96,185464,0,0
74161.9631892891,466,0,NonConcurrentGC,AllocSmall,False,0.00656409419025294,0.820511773257749,0,96,208600,62544,4568720,27750448,185464,62496,4568592,96,208600,0,0
74318.0278106084,467,0,NonConcurrentGC,AllocSmall,False,0.00875212557730265,0.327840037396527,0,96,234032,62544,4996392,26594104,208600,62496,4996264,96,234032,0,0
74444.3417690453,468,0,NonConcurrentGC,AllocSmall,False,0.00619942229241133,0.316899880432175,0,96,255928,62544,5595296,22838656,234032,62496,5595168,96,255928,0,0
74599.3393603874,469,0,NonConcurrentGC,AllocSmall,False,0.0656409418588737,0.380717462787288,0,96,278592,62544,6109480,26617432,255928,62496,6109352,96,278592,0,0
74756.3338950496,470,0,NonConcurrentGC,AllocSmall,False,0.40332712054078,0.769822379268589,0,96,303768,62544,6707656,26908040,278592,62496,6707528,96,303768,0,0
74896.7519038608,471,0,NonConcurrentGC,AllocSmall,False,0.0109401569643524,0.530962285265559,0,96,326152,62544,6707656,25475080,303768,62496,6707528,96,326152,0,0
75052.8734139963,472,0,NonConcurrentGC,AllocSmall,False,0.0094814693875378,0.342791585280793,0,96,350640,62544,7735800,25327472,326152,62496,7735672,96,350640,0,0
75193.4004597054,473,0,NonConcurrentGC,AllocSmall,False,0.00692876608809456,0.33841552247759,0,96,373216,62544,8163376,25910120,350640,62496,8163248,96,373216,0,0
75350.6513587128,474,0,NonConcurrentGC,AllocSmall,False,0.00729343798593618,0.529138925761799,0,96,397232,62544,8505664,26900416,373216,62496,8505536,96,397232,0,0
75505.2963123284,475,0,NonConcurrentGC,AllocSmall,False,0.00619942229241133,0.264387126939255,0,96,419072,62544,9445000,27172888,397232,62496,9444872,96,419072,0,0
75677.8707245411,476,0,NonConcurrentGC,AllocSmall,False,0.315076520928415,0.684489154838957,0,96,444968,62544,10472248,26713824,419072,62496,10472120,96,444968,0,0
75803.9749966359,477,2,BackgroundGC,AllocLarge,False,0.0123988445848227,1.62242527963826,0.191452747094445,18002720,444968,62544,3286048,0,0,0,0,0,0,0,0
75853.4252355142,478,1,NonConcurrentGC,AllocSmall,False,2.90935241199622,3.35315811334294,0,96,21928,62544,3457872,11192728,96,61632,293128,96,21928,61632,293128
75990.1779270664,479,0,NonConcurrentGC,AllocSmall,False,0.390563604072668,0.693970624226495,0,96,45152,62544,4227208,25076232,21928,61632,1147736,96,45152,0,0
76131.6378034936,480,0,NonConcurrentGC,AllocSmall,False,0.237401406397112,1.13267091898888,0,96,68456,62544,4825304,24404048,45152,61632,2001864,96,68456,0,0
76303.3968093397,481,0,NonConcurrentGC,AllocSmall,False,0.0696523327496834,0.547737192639033,0,96,94856,62544,4995960,28004760,68456,61632,2172520,96,94856,0,0
76460.4227057853,482,0,NonConcurrentGC,AllocSmall,False,0.00838745367946103,0.311794473833288,0,96,116536,62544,5934968,28466936,94856,61632,3282016,96,116536,0,0
76569.8363097246,483,0,NonConcurrentGC,AllocSmall,False,2.47867489900091,2.74269735404232,0,96,138736,62544,6020312,18940344,116536,61632,3709752,96,138736,0,0
76740.2635337947,484,0,NonConcurrentGC,AllocSmall,False,0.414267277519684,0.789879333722638,0,96,162952,62544,6361640,29406224,138736,61632,4222976,96,162952,0,0
76929.3707112305,485,0,NonConcurrentGC,AllocSmall,False,0.498141814343398,0.844944790500449,0,96,189232,62544,6875312,30294032,162952,61632,4907576,96,189232,0,0
77068.8562539954,486,0,NonConcurrentGC,AllocSmall,False,0.0094814693875378,0.320181927512749,0,96,211072,62544,7046288,27423896,189232,61632,5419856,96,211072,0,0
77210.1998000869,487,0,NonConcurrentGC,AllocSmall,False,0.00692876608809456,0.326746021703002,0,96,233936,62544,7474768,24595640,211072,61632,6191512,96,233936,0,0
84552.0972098588,488,0,NonConcurrentGC,AllocSmall,False,0.00875212559185456,2.29743296510424,0,96,500024,62544,7730232,31077840,233936,61632,6532992,96,500024,0,0
97443.2565054732,489,0,NonConcurrentGC,AllocSmall,False,0.347532319952734,2.15995165909408,0,96,951304,62544,7730232,31239736,500024,61632,6532992,96,951304,0,0
110239.26123308,490,0,NonConcurrentGC,AllocSmall,False,0.00911679747514427,1.99402594495041,0,96,1398184,62544,7730232,31003248,951304,61632,6532992,96,1398184,0,0
122884.246210421,491,1,NonConcurrentGC,AllocSmall,False,3.60952245850058,5.33040915093443,0,96,22680,62544,7730232,30620592,1398184,61632,6532992,96,22680,61632,6532992
135756.406464758,492,0,NonConcurrentGC,AllocSmall,False,0.00401139087625779,1.70447645697277,0,96,472048,62544,7730232,31191632,22680,61632,6532992,96,472048,0,0
148508.264012244,493,0,NonConcurrentGC,AllocSmall,False,3.32106698621647,5.08899635364651,0,96,919376,62544,7730232,30892656,472048,61632,6532992,96,919376,0,0
160430.099508021,494,0,NonConcurrentGC,AllocSmall,False,3.1172153945372,6.42953025517636,0,96,1339760,62544,7730232,28881208,919376,61632,6532992,96,1339760,0,0
173210.401463647,495,1,NonConcurrentGC,AllocSmall,False,0.132011227513431,2.99796768350643,0,96,21560,62544,7730232,30951816,1339760,61632,6532992,96,21560,61632,6532992
